Generation ID,Maximum Fitness,Minimum Fitness,Average Fitness,Champion Complexity,Maximum Complexity,Minimum Complexity,Average Complexity
1,1417,1,293,370,370,370,370
2,1943,1,566,372,380,370,372
3,1943,1,866,372,390,370,375
4,1943,2,955,372,390,370,377
5,1966,1,1022,378,402,370,381
6,1966,40,1168,378,408,370,385
7,2849,346,1358,413,428,372,400
8,2849,122,1333,413,439,378,410
9,2849,456,1470,413,448,378,416
10,2849,454,1524,413,459,378,420
11,3411,454,1495,432,477,378,431
12,3414,585,1484,432,502,378,445
13,3414,692,1573,432,522,378,459
14,4130,497,1676,452,551,394,478
15,4346,632,1771,452,575,394,492
16,4130,608,1710,452,576,394,496
17,4130,767,1948,452,608,394,498
18,5247,817,1963,447,638,396,504
19,4927,803,2092,447,679,407,519
20,4524,1031,2059,679,722,435,536
21,4623,713,2107,447,726,435,548
22,5228,622,2129,465,767,435,564
23,5688,809,2436,466,769,447,570
24,5981,837,2567,508,769,447,571
25,5716,705,2603,466,813,447,602
26,6765,706,2695,508,860,447,625
27,6358,706,2627,809,867,447,650
28,8072,726,2859,508,872,447,656
29,7642,795,2778,856,868,447,654
30,7642,1020,2906,856,933,447,688
31,7642,1031,2810,856,944,447,690
32,7642,720,2843,856,942,447,691
33,8180,1032,3083,806,939,447,695
34,8175,321,2988,806,1011,447,693
35,8175,1002,2983,806,1007,447,699
36,8180,1012,3143,806,1006,447,705
37,8175,268,2895,806,1007,447,709
38,8175,836,2960,806,1012,447,728
39,8175,821,3006,806,1021,447,730
40,8175,665,2990,806,1026,447,731
41,8175,824,3214,806,1011,447,728
42,8175,713,3095,806,990,447,719
43,8175,1031,3113,806,1064,447,737
44,8175,541,3315,806,1128,463,744
45,8175,1031,3272,806,1127,463,747
46,8180,997,3201,806,1125,463,764
47,8175,1031,3282,806,1135,463,772
48,8397,531,3461,516,1139,463,774
49,8397,913,3358,516,1226,463,785
50,8397,1006,3386,516,1237,463,757
51,8397,1012,3232,516,1238,463,766
52,8717,987,3435,545,1246,463,745
53,9430,778,3491,570,1217,463,741
54,9430,1031,3655,570,1226,463,746
55,9430,963,3806,570,1241,463,778
56,9430,1031,3402,570,1238,463,772
57,9430,753,3719,570,1227,463,776
58,9430,1031,3822,570,1228,463,779
59,9430,1031,3727,570,1228,463,785
60,9645,1031,3924,566,1239,463,789
61,9645,1031,3880,566,1224,463,787
62,9645,1031,3745,566,1224,463,799
63,9645,1031,3866,566,1234,463,801
64,9645,1032,3930,566,1231,463,803
65,9645,1026,3911,566,1246,463,802
66,9645,1095,3837,566,1233,484,810
67,9645,1031,3900,566,1319,516,848
68,9645,1031,3859,566,1319,516,845
69,9645,900,3780,566,1318,516,840
70,9645,1031,3880,566,1323,516,843
71,9645,1095,3906,566,1313,516,836
72,9645,689,3795,566,1327,516,846
73,9645,1032,3949,566,1317,516,816
74,9645,1095,3982,566,1326,516,823
75,9645,755,3944,566,1317,516,847
76,9645,978,3960,566,1230,516,817
77,9645,945,3766,566,1241,516,822
78,9645,1031,3761,566,1232,516,812
79,9645,1017,3842,566,1242,516,816
80,9645,1096,4112,566,1263,516,818
81,9645,1031,4003,566,1252,516,826
82,9645,1032,3960,566,1255,531,844
83,9645,813,4141,566,1257,531,847
84,9843,765,4054,640,1258,531,844
85,11063,837,4258,640,1254,531,835
86,9645,1031,4191,566,1265,531,836
87,9843,1098,4097,640,1254,531,848
88,9843,1031,3898,640,1258,531,848
89,9843,1031,4116,640,1272,531,848
90,9843,520,4347,640,1363,531,879
91,9843,1168,4075,640,1323,531,876
92,10802,1144,4357,640,1405,531,880
93,10495,1031,4445,561,1502,531,892
94,10495,1098,4175,561,1519,531,890
95,10495,1367,4405,561,1632,531,920
96,10495,1031,4341,561,1503,531,905
97,10802,1031,4275,640,1630,531,926
98,10802,1031,4304,640,1642,531,915
99,10802,1112,4170,640,1770,531,983
100,10495,1025,4211,561,1778,531,974
101,10802,1031,4246,640,1769,531,982
102,10495,683,4265,561,1929,531,1008
103,10495,1031,4511,561,1914,531,1009
104,11063,1032,4219,640,1933,531,1060
105,10802,1095,4627,640,1934,531,1057
106,11063,987,4374,640,1926,531,1037
107,11063,1031,4595,640,1946,531,1036
108,10802,769,4425,640,1924,531,1038
109,10495,1005,4654,561,2051,531,1048
110,10802,810,4506,640,2028,531,1026
111,11063,1031,4619,640,2048,531,1056
112,10495,1095,4205,561,2051,531,1040
113,11173,1031,4533,595,2051,531,1028
114,11173,876,4661,595,2041,531,991
115,11173,1031,4654,595,2056,531,994
116,11173,1031,4845,595,2212,531,1074
117,11173,1031,4488,595,2234,531,1063
118,11173,1223,4835,595,2239,531,1043
119,11173,1031,4596,595,2242,531,1043
120,11173,1324,4666,595,2245,531,1047
121,11173,1031,4482,595,2244,531,1051
122,11173,1031,4763,595,2297,531,1037
123,11173,1033,4915,595,2227,531,990
124,11173,1031,4630,595,2256,531,992
125,11173,1484,4839,595,2033,531,920
126,11173,836,4574,595,2043,531,923
127,11173,1031,4813,595,2073,531,918
128,11173,991,4907,595,2038,531,923
129,11173,1097,4755,595,2044,531,936
130,11173,1031,4604,595,2047,531,936
131,11173,1271,5099,595,2048,531,891
132,11173,812,4706,595,2253,550,969
133,11173,1096,4593,595,2066,550,931
134,11173,1031,4933,595,2065,550,907
135,11173,1031,4887,595,2046,550,908
136,11173,1097,5282,595,2042,550,887
137,11173,1098,4939,595,2040,550,896
138,11173,1031,4927,595,2044,550,896
139,11543,1031,4979,796,2039,550,898
140,11543,663,5043,796,2053,550,889
141,11543,837,4775,796,2042,550,891
142,12233,1336,5413,845,2045,550,887
143,12233,804,5237,845,2059,550,894
144,12233,1031,4889,845,2054,550,898
145,12233,1031,5100,845,2048,550,901
146,12233,1208,5312,845,2063,550,883
147,12233,1012,5370,845,2057,550,884
148,12233,1034,5118,845,2039,550,889
149,12233,1031,4990,845,2049,550,890
150,11322,1147,5078,975,2054,550,887
151,12233,1004,5121,845,2082,550,893
152,12233,1031,4992,845,2053,550,892
153,12233,1079,5450,845,2051,550,895
154,12233,952,5446,845,2053,550,872
155,11371,1223,5346,785,2044,550,880
156,12233,1384,5259,845,2070,550,882
157,12233,1032,5452,845,2036,550,881
158,12233,1031,5351,845,2043,550,885
159,12233,1031,4990,845,2060,550,887
160,12233,1257,5384,845,2052,550,887
161,12233,1031,5199,845,2055,550,897
162,12233,1224,5512,845,2053,550,899
163,12233,1031,5581,845,1263,550,854
164,12233,1031,5636,845,1263,550,857
165,12233,1223,5237,845,1267,550,857
166,12233,1016,5295,845,1264,550,855
167,12233,1097,5422,845,1352,550,859
168,12233,1266,5229,845,1351,550,864
169,12233,1198,5295,845,1337,550,864
170,11371,1113,5336,785,1352,550,863
171,12233,1127,5739,845,1344,550,863
172,12233,1031,5561,845,1352,550,864
173,12233,1333,5427,845,1350,550,868
174,12233,1261,5519,845,1339,550,885
175,12233,1147,5629,845,1346,550,886
176,12233,1096,5256,845,1354,550,885
177,12233,993,5522,845,1352,550,885
178,12233,1226,5420,845,1354,550,886
179,12233,1098,5627,845,1334,550,884
180,12233,1096,5970,845,1348,550,885
181,12233,1034,5790,845,1342,550,881
182,12233,1031,5361,845,1338,550,881
183,12233,1033,5574,845,1178,550,858
184,12233,1033,5684,845,1195,550,859
185,12233,764,5355,845,1182,550,858
186,12233,1098,5447,845,1187,550,874
187,12233,1031,5769,845,1187,550,891
188,12233,1032,5471,845,1192,550,888
189,12233,1033,5095,845,1262,550,920
190,12233,1033,5583,845,1264,550,933
191,12233,1031,5586,845,1264,550,921
192,12233,1004,5593,845,1261,550,941
193,12233,1098,5875,845,1263,550,942
194,12233,1032,5682,845,1258,550,945
195,12233,1031,6398,845,1260,550,945
196,12233,1290,5469,845,1369,595,988
197,12233,1546,5929,845,1484,595,1009
198,12233,1033,5820,845,1469,595,988
199,12233,1434,6035,845,1475,595,989
200,12233,1096,5823,845,1592,595,1021
201,12233,1031,5910,845,1580,595,1033
202,12233,1007,6037,845,1731,595,1052
203,12233,285,6172,845,1715,595,1065
204,12233,1405,6391,845,1604,595,1055
205,12233,1032,6208,845,1607,595,1055
206,12233,1096,6231,845,1590,595,1032
207,12233,1762,6574,845,1595,595,1071
208,12233,1033,6461,845,1596,595,1072
209,12233,1176,6447,845,1609,595,1060
210,12233,1781,6507,845,1582,595,1069
211,12233,1008,6543,845,1589,595,1086
212,12233,1224,6432,845,1705,595,1091
213,12233,1033,6511,845,1703,595,1092
214,11998,1401,6118,1075,1597,595,1072
215,11998,1306,6484,1075,1599,595,1072
216,12233,1472,6470,845,1585,595,1072
217,12233,1352,6120,845,1591,595,1061
218,12233,926,6502,845,1604,595,1062
219,12233,1402,6270,845,1582,595,1060
220,12233,1098,6337,845,1591,595,1061
221,11998,1096,6112,1075,1600,595,1063
222,12233,1032,6273,845,1592,595,1061
223,12233,1592,6590,845,1616,595,1073
224,12233,427,6502,845,1642,595,1130
225,11998,1033,6462,1075,1649,595,1131
226,12233,1249,6422,845,1645,595,1129
227,12233,1719,6691,845,1637,595,1135
228,12233,1531,6543,845,1652,595,1133
229,12233,1034,6271,845,1676,595,1176
230,12233,1437,6503,845,1689,595,1175
231,12233,1223,6663,845,1841,595,1205
232,12233,1098,6644,845,1681,595,1165
233,12233,1288,6739,845,1646,595,1145
234,12233,1506,6377,845,1643,595,1148
235,12390,1272,6731,1150,1649,595,1152
236,12390,1034,6532,1150,1651,595,1167
237,12390,1226,6563,1150,1672,595,1166
238,12390,1033,6901,1150,1635,595,1198
239,12390,1991,6497,1150,1640,595,1203
240,12390,1751,6810,1150,1703,595,1210
241,12390,1149,6373,1150,1664,595,1176
242,12390,672,7127,1150,1646,595,1192
243,12390,1328,6504,1150,1660,595,1199
244,12390,1033,6766,1150,1648,595,1221
245,12390,1777,6747,1150,1667,595,1247
246,12390,1464,6597,1150,1630,595,1248
247,12390,1767,6638,1150,1644,595,1248
248,12390,1095,6998,1150,1630,595,1249
249,12390,1646,6993,1150,1688,595,1291
250,12390,1177,6743,1150,1636,595,1287
251,12390,1511,6890,1150,1643,595,1284
252,12390,1097,7001,1150,1640,595,1285
253,12390,1823,6925,1150,1645,595,1284
254,12390,1497,6908,1150,1660,595,1285
255,12390,1560,6602,1150,1660,595,1285
256,12390,1415,6875,1150,1639,595,1285
257,12390,1287,6858,1150,1656,595,1285
258,12390,1287,6507,1150,1644,595,1284
259,12390,1033,6527,1150,1660,595,1285
260,12390,1580,7319,1150,1649,595,1287
261,12390,1209,7119,1150,1644,595,1288
262,12390,1978,7450,1150,1668,595,1288
263,12390,1401,7370,1150,1649,595,1292
264,12390,1176,6797,1150,1640,595,1291
265,12390,1095,6606,1150,1654,595,1293
266,12390,1288,7186,1150,1641,595,1293
267,12390,1033,6750,1150,1655,595,1292
268,12390,1341,6819,1150,1653,845,1340
269,12390,1031,6608,1150,1602,845,1315
270,12390,1522,7038,1150,1662,845,1319
271,12390,1032,6979,1150,1709,845,1358
272,12390,1306,7276,1150,1725,845,1324
273,12390,1273,7018,1150,1702,845,1343
274,12390,1652,7134,1150,1602,845,1305
275,12390,1031,6936,1150,1603,845,1306
276,12390,1803,7488,1150,1608,845,1320
277,12390,1225,6911,1150,1609,845,1308
278,12390,1031,6653,1150,1618,845,1318
279,12390,1337,7008,1150,1621,845,1317
280,12390,1351,6838,1150,1669,845,1341
281,13061,1082,7460,1238,1685,845,1343
282,12768,1225,7092,1238,1687,845,1333
283,13061,1625,7314,1238,1672,845,1333
284,12769,1531,7473,1238,1676,845,1306
285,13061,1515,7575,1238,1672,845,1306
286,13061,1575,7158,1238,1661,845,1322
287,13061,1726,6840,1238,1673,845,1341
288,13061,1703,7312,1238,1714,845,1347
289,13061,1264,7234,1238,1703,845,1351
290,13061,1033,6929,1238,1719,845,1349
291,12769,1785,6653,1238,1712,845,1349
292,13061,1081,7064,1238,1720,845,1336
293,13061,1623,7325,1238,1724,845,1335
294,13061,1224,7599,1238,1714,845,1334
295,13061,1720,7482,1238,1717,845,1367
296,13061,1417,7523,1238,1731,845,1367
297,12523,1033,7408,1221,1724,845,1366
298,12523,1225,7442,1221,1870,845,1374
299,12523,1768,7790,1221,1904,845,1406
300,12523,1955,7467,1221,1874,845,1413
301,12523,1502,7259,1221,1880,845,1414
302,12523,1417,6863,1221,1880,845,1414
303,12523,1734,7076,1221,1867,845,1413
304,12523,1351,7009,1221,1881,845,1413
305,12523,1768,7301,1221,1878,845,1412
306,12523,1899,7279,1221,1880,845,1418
307,12523,1033,7664,1221,1881,845,1418
308,12523,1749,7451,1221,1866,845,1400
309,12523,1729,7128,1221,1865,845,1398
310,12523,1847,7585,1221,1862,845,1401
311,12523,1034,7326,1221,1866,845,1409
312,12523,1447,7242,1221,1947,845,1415
313,12523,1925,7187,1221,1921,845,1415
314,12523,1529,7587,1221,1924,845,1388
315,12523,1856,7072,1221,1939,845,1406
316,12523,1034,7336,1221,1938,845,1398
317,12523,1036,6869,1221,1756,845,1384
318,12523,1431,7213,1221,1777,845,1386
319,12523,1338,7599,1221,1759,845,1383
320,12523,1393,7170,1221,1756,845,1385
321,12636,1098,7611,1397,1776,845,1387
322,12956,1769,6934,1397,1768,845,1384
323,12636,1034,7526,1397,1879,845,1396
324,12956,1882,7217,1397,1871,1075,1428
325,13398,1288,7410,1408,1893,1075,1429
326,13398,1297,7164,1408,1866,1075,1432
327,13398,1695,7883,1408,1865,1075,1450
328,13398,1114,7717,1408,1871,1075,1479
329,13398,1274,7919,1408,1882,1075,1478
330,13398,1530,7398,1408,1883,1075,1484
331,13398,1888,7729,1408,1882,1075,1485
332,13398,1639,8238,1408,1890,1075,1485
333,13398,1745,7668,1408,1875,1075,1484
334,13398,1516,7872,1408,1882,1075,1496
335,13398,1540,8149,1408,1870,1075,1495
336,13398,2599,8103,1408,1874,1075,1497
337,13398,1224,7956,1408,1874,1075,1500
338,13398,1763,8275,1408,1927,1075,1509
339,13398,1034,7762,1408,1913,1075,1509
340,13398,1970,8123,1408,1900,1075,1526
341,13398,2276,8043,1408,1919,1075,1525
342,13398,1775,7784,1408,1883,1075,1511
343,13398,1033,8149,1408,1883,1075,1513
344,13398,1031,7787,1408,1887,1075,1512
345,13398,1719,8111,1408,1874,1075,1510
346,13398,2091,8434,1408,1890,1075,1513
347,13398,1904,7646,1408,1881,1075,1513
348,13398,1948,7717,1408,1899,1075,1518
349,13398,2087,8080,1408,1909,1075,1518
350,13398,2181,7897,1408,1894,1075,1528
351,13398,1648,7765,1408,1896,1075,1527
352,13398,1628,7646,1408,1902,1075,1526
353,13398,1657,7917,1408,1921,1075,1527
354,13398,1356,7774,1408,1906,1075,1528
355,13398,2003,8076,1408,1909,1075,1528
356,13398,2027,7557,1408,1912,1075,1527
357,13398,1032,8209,1408,1906,1075,1528
358,13398,1665,7631,1408,1915,1075,1528
359,13398,1736,8163,1408,1907,1075,1529
360,13398,2198,8154,1408,1970,1075,1558
361,13398,1512,7707,1408,1955,1075,1556
362,13398,1433,8236,1408,2100,1075,1566
363,13398,2151,7953,1408,2090,1075,1567
364,13398,1370,7569,1408,2109,1075,1568
365,13398,1651,7693,1408,2099,1075,1566
366,13398,1433,7748,1408,2085,1075,1568
367,13398,1623,7862,1408,2104,1075,1567
368,13398,1373,7903,1408,2094,1075,1582
369,13398,1303,7940,1408,2079,1075,1581
370,13398,1691,7882,1408,2078,1075,1589
371,13398,1474,8031,1408,2101,1075,1592
372,13398,1655,7902,1408,2103,1075,1591
373,13398,1737,7997,1408,2090,1075,1591
374,13398,1432,7861,1408,2086,1075,1610
375,13398,1785,8239,1408,2087,1075,1609
376,13398,1432,7666,1408,2078,1075,1607
377,13398,1688,8025,1408,2095,1075,1610
378,13398,1898,8045,1408,2084,1075,1609
379,13398,1736,8046,1408,2100,1075,1608
380,13398,1590,7845,1408,2085,1075,1609
381,13398,1721,7723,1408,2085,1075,1610
382,13398,1176,7831,1408,2097,1075,1611
383,13398,1681,7689,1408,2088,1075,1610
384,13398,2126,8085,1408,2084,1075,1608
385,13558,2025,8390,1527,2087,1075,1597
386,13558,2416,8317,1527,2111,1075,1599
387,13558,1879,7848,1527,2082,1075,1599
388,13558,1791,7601,1527,2090,1075,1599
389,13558,1561,7950,1527,2109,1075,1600
390,13558,1502,8077,1527,2085,1075,1607
391,13558,1289,7793,1527,2103,1075,1603
392,13558,1568,7695,1527,2107,1075,1603
393,13558,1115,7985,1527,2078,1075,1600
394,13558,1032,7985,1527,2087,1075,1602
395,13558,1704,7884,1527,2101,1075,1603
396,13558,1530,7953,1527,2090,1075,1603
397,13558,2026,8313,1527,2085,1075,1603
398,13558,1034,7841,1527,2086,1150,1619
399,13558,1911,7717,1527,2100,1150,1619
400,13558,1657,7883,1527,2104,1150,1621
401,13558,1735,8111,1527,2076,1150,1620
402,13558,2115,8331,1527,2098,1150,1621
403,13558,1800,8242,1527,2102,1150,1634
404,13558,1738,8118,1527,2090,1150,1633
405,13558,2267,8519,1527,2143,1150,1639
406,13558,1033,7962,1527,2150,1150,1635
407,13558,1943,8400,1527,2153,1150,1635
408,13558,1595,7924,1527,2133,1150,1634
409,13558,1321,8087,1527,2149,1150,1633
410,13558,1177,8314,1527,2143,1150,1635
411,13558,1911,7666,1527,2141,1150,1635
412,13558,1544,7713,1527,2121,1150,1633
413,13558,2072,7996,1527,2143,1150,1634
414,13558,1321,8127,1527,2159,1150,1637
415,13558,1337,7858,1527,2155,1150,1634
416,13558,2311,8264,1527,2136,1150,1632
417,13558,2355,8588,1527,2128,1150,1635
418,13558,1368,7867,1527,2128,1150,1636
419,13558,1848,8320,1527,2160,1150,1636
420,13558,1338,7877,1527,2131,1150,1632
421,13558,1973,7993,1527,2134,1150,1633
422,13558,1031,7972,1527,2142,1150,1634
423,13558,2001,8181,1527,2161,1150,1635
424,13558,1719,8097,1527,2124,1150,1635
425,13558,1504,7699,1527,2155,1150,1644
426,13558,1031,7769,1527,2146,1150,1644
427,13558,1031,7895,1527,2134,1150,1624
428,13558,1653,7462,1527,2149,1150,1633
429,13558,2092,7916,1527,2128,1150,1631
430,13558,1339,8021,1527,2160,1150,1639
431,13558,1034,7208,1527,2154,1150,1640
432,13558,1708,7813,1527,2131,1150,1639
433,13558,1767,8101,1527,2155,1150,1641
434,13558,1775,7967,1527,2156,1150,1640
435,13558,2289,8097,1527,2142,1150,1640
436,13558,1337,7909,1527,2150,1150,1640
437,13558,1434,7645,1527,2144,1150,1630
438,13558,1527,8201,1527,2133,1150,1631
439,13558,1917,8345,1527,2149,1150,1631
440,13558,1539,7776,1527,2180,1150,1632
441,13558,1685,8250,1527,2149,1150,1644
442,13558,1627,8007,1527,2150,1150,1644
443,13558,2483,8270,1527,2156,1150,1642
444,13558,1176,8148,1527,2152,1150,1643
445,13558,2531,8246,1527,2151,1150,1644
446,13558,1694,8051,1527,2146,1150,1643
447,13558,2279,8110,1527,2155,1150,1645
448,13558,1625,7685,1527,2160,1150,1643
449,13558,1287,8027,1527,2147,1150,1643
450,13558,1208,8061,1527,2154,1150,1644
451,13558,1763,8312,1527,2302,1150,1693
452,13558,1637,8141,1527,2296,1150,1665
453,13558,1725,7870,1527,2295,1150,1701
454,13558,1593,8020,1527,2317,1150,1712
455,13558,1248,8346,1527,2307,1150,1713
456,13558,1097,7968,1527,2307,1150,1711
457,13558,2033,7866,1527,2326,1150,1714
458,13558,1031,8395,1527,2280,1150,1703
459,13558,2066,8445,1527,2300,1150,1687
460,13558,1237,7840,1527,2286,1150,1685
461,13558,955,8232,1527,2289,1150,1687
462,13558,1937,8496,1527,2294,1150,1687
463,13558,1943,8142,1527,2278,1150,1686
464,13558,2390,8199,1527,2299,1150,1686
465,13558,2231,8431,1527,2279,1150,1685
466,13558,1035,7751,1527,2309,1150,1687
467,13558,1352,7948,1527,2307,1150,1687
468,13558,1537,7763,1527,2294,1150,1687
469,13558,1288,8521,1527,2335,1150,1685
470,13558,2009,7854,1527,2292,1150,1687
471,13558,2056,7739,1527,2303,1150,1684
472,13558,1035,8094,1527,2303,1150,1687
473,13558,1607,7629,1527,2293,1150,1686
474,13558,1154,8150,1527,2296,1150,1687
475,13558,1114,7544,1527,2304,1150,1687
476,13558,1424,8139,1527,2284,1150,1686
477,13558,1602,8376,1527,2285,1150,1687
478,13558,1032,7921,1527,2349,1150,1722
479,13558,1605,8423,1527,2289,1150,1707
480,13558,1417,8371,1527,2280,1150,1708
481,13558,2371,8057,1527,2318,1150,1721
482,13558,1775,7997,1527,2291,1150,1718
483,13558,1464,8079,1527,2314,1150,1737
484,13558,1417,7962,1527,2307,1150,1738
485,13558,1819,7997,1527,2307,1150,1735
486,13558,1753,8350,1527,2298,1150,1759
487,13558,1261,7973,1527,2308,1150,1759
488,13558,1829,8056,1527,2307,1150,1760
489,13558,1925,8305,1527,2316,1150,1758
490,13558,1275,8232,1527,2325,1150,1762
491,13558,1032,8136,1527,2327,1150,1769
492,13558,2011,8049,1527,2310,1150,1768
493,13558,1539,7824,1527,2306,1150,1768
494,13558,1743,7848,1527,2324,1150,1769
495,13558,945,7929,1527,2325,1150,1770
496,13558,2284,8413,1527,2316,1150,1768
497,13558,1123,8130,1527,2314,1150,1769
498,13558,1398,8158,1527,2323,1150,1769
499,13558,2220,8131,1527,2307,1150,1767
500,13558,1630,7894,1527,2318,1150,1764
501,13558,2314,8130,1527,2312,1150,1763
502,13558,1742,8213,1527,2308,1150,1762
503,13558,980,7853,1527,2300,1150,1741
504,13558,1786,7884,1527,2319,1150,1743
505,13558,2311,8522,1527,2317,1150,1746
506,13558,1032,8059,1527,2316,1150,1744
507,13558,1799,8086,1527,2319,1150,1744
508,13558,1095,7794,1527,2298,1150,1744
509,13558,1510,7610,1527,2305,1150,1745
510,13558,1736,8657,1527,2318,1150,1745
511,13558,1385,8514,1527,2313,1150,1745
512,13558,1336,8225,1527,2310,1150,1743
513,13558,1033,8066,1527,2312,1150,1744
514,13558,1749,8014,1527,2312,1150,1744
515,13558,2008,8211,1527,2322,1150,1750
516,13558,1504,8227,1527,2315,1150,1751
517,13558,1405,7569,1527,2317,1150,1766
518,13558,2008,8120,1527,2330,1150,1764
519,13558,1031,7865,1527,2316,1150,1767
520,13558,1347,7805,1527,2313,1150,1766
521,13558,1289,7933,1527,2341,1150,1772
522,13558,1034,7973,1527,2329,1150,1770
523,13558,1950,7887,1527,2314,1150,1773
524,13558,1269,8106,1527,2307,1150,1773
525,13558,1259,7684,1527,2308,1150,1766
526,13558,1895,8008,1527,2303,1150,1769
527,13558,1346,7845,1527,2330,1150,1768
528,13558,1096,8230,1527,2316,1150,1768
529,13558,1031,7724,1527,2293,1150,1766
530,13558,1098,7821,1527,2321,1150,1768
531,13558,2088,7829,1527,2297,1150,1767
532,13558,2508,8431,1527,2339,1150,1769
533,13558,1696,8007,1527,2332,1150,1776
534,13558,1648,8129,1527,2319,1150,1777
535,13558,1662,7499,1527,2329,1150,1776
536,13558,1504,7984,1527,2306,1150,1775
537,13558,2103,7918,1527,2344,1150,1775
538,13558,1544,7852,1527,2310,1150,1774
539,13558,1374,7660,1527,2314,1150,1775
540,13558,1881,7811,1527,2314,1150,1784
541,13558,1858,8415,1527,2337,1150,1783
542,13558,1591,8234,1527,2320,1150,1822
543,13558,1933,8292,1527,2324,1150,1819
544,13558,1404,8108,1527,2324,1150,1821
545,13558,1560,7872,1527,2319,1150,1819
546,13558,1728,8126,1527,2302,1150,1821
547,13558,1638,8164,1527,2307,1150,1820
548,13558,877,8010,1527,2324,1150,1820
549,13558,1573,8138,1527,2335,1150,1820
550,13558,1651,8138,1527,2301,1150,1821
551,13558,1288,8062,1527,2306,1150,1821
552,13558,1162,7766,1527,2308,1150,1822
553,13558,2001,8525,1527,2313,1150,1818
554,13558,1894,7990,1527,2304,1150,1820
555,13558,1370,8212,1527,2311,1150,1821
556,13558,1820,7973,1527,2318,1150,1822
557,13558,572,7744,1527,2335,1150,1820
558,13558,2473,7696,1527,2310,1150,1822
559,13558,1608,7915,1527,2322,1150,1822
560,13558,1544,8181,1527,2303,1150,1819
561,13558,2089,8332,1527,2307,1150,1820
562,13558,1640,7933,1527,2308,1150,1821
563,13558,1592,8092,1527,2336,1150,1820
564,13558,1713,8077,1527,2307,1150,1818
565,13558,1942,7996,1527,2308,1150,1819
566,13558,2134,7776,1527,2314,1150,1824
567,13558,1146,7960,1527,2308,1150,1821
568,13558,1394,8246,1527,2322,1150,1828
569,13558,1944,7912,1527,2297,1150,1827
570,13558,1025,7750,1527,2316,1150,1829
571,13558,1369,7978,1527,2301,1150,1827
572,13558,1978,7931,1527,2313,1150,1827
573,13558,1087,7934,1527,2313,1150,1828
574,13558,1031,8153,1527,2330,1150,1829
575,13558,1707,8371,1527,2347,1221,1882
576,13558,2187,8154,1527,2312,1221,1867
577,13558,1543,8057,1527,2321,1221,1841
578,13558,1544,7847,1527,2304,1221,1878
579,13558,1624,7340,1527,2310,1221,1877
580,13558,1573,7768,1527,2317,1221,1878
581,13558,1701,7904,1527,2314,1221,1862
582,13558,1032,8283,1527,2319,1221,1866
583,13558,1864,8168,1527,2315,1221,1867
584,13558,1959,7730,1527,2316,1221,1865
585,13558,1333,8109,1527,2298,1221,1868
586,13558,1638,8137,1527,2305,1221,1869
587,13558,1136,7926,1527,2311,1221,1868
588,13558,1752,8415,1527,2313,1221,1868
589,13558,1510,7823,1527,2315,1221,1866
590,13558,1919,7615,1527,2322,1221,1866
591,13558,1174,7855,1527,2332,1221,1866
592,13558,1369,7885,1527,2321,1221,1868
593,13558,1096,8380,1527,2322,1221,1869
594,13558,1351,8165,1527,2306,1221,1864
595,13558,1177,7885,1527,2305,1221,1868
596,13558,555,7921,1527,2315,1221,1867
597,13558,1528,7903,1527,2313,1221,1868
598,13558,1263,7859,1527,2311,1221,1865
599,13558,1659,7729,1527,2318,1221,1867
600,13558,1226,8184,1527,2317,1221,1867
601,13558,2235,8272,1527,2310,1221,1867
602,13558,1336,8237,1527,2320,1221,1865
603,13558,1815,8009,1527,2317,1221,1867
604,13558,1692,8137,1527,2328,1221,1868
605,13558,1722,8636,1527,2313,1221,1867
606,13558,1033,7446,1527,2326,1221,1867
607,13558,1947,8049,1527,2319,1221,1867
608,13558,1779,7981,1527,2308,1221,1866
609,13558,1807,7954,1527,2318,1221,1865
610,13558,1905,8837,1527,2303,1221,1868
611,13558,1880,8123,1527,2340,1221,1869
612,13558,1032,8329,1527,2306,1221,1865
613,13558,1584,8713,1527,2310,1221,1875
614,13558,1031,8311,1527,2311,1221,1877
615,13558,1724,8470,1527,2305,1221,1877
616,13558,2008,8095,1527,2310,1221,1879
617,13558,882,7686,1527,2324,1221,1875
618,13558,1835,8090,1527,2330,1221,1877
619,13558,2396,7871,1527,2311,1221,1877
620,13558,2033,8375,1527,2326,1221,1876
621,13558,1813,8240,1527,2339,1221,1875
622,13558,2376,8474,1527,2307,1221,1876
623,13558,1383,8347,1527,2314,1221,1865
624,13558,1645,8174,1527,2321,1221,1857
625,13558,1176,7961,1527,2315,1221,1856
626,13558,2084,8037,1527,2465,1221,1879
627,13558,1085,8447,1527,2461,1221,1879
628,13558,1033,8456,1527,2482,1221,1881
629,13558,2003,8411,1527,2496,1221,1881
630,13558,2023,8182,1527,2456,1221,1880
631,13558,1236,8147,1527,2444,1221,1881
632,13558,2003,8750,1527,2457,1221,1881
633,13558,1274,8362,1527,2455,1221,1881
634,13558,1225,8392,1527,2460,1221,1881
635,13558,850,8032,1527,2469,1221,1882
636,13558,1224,8118,1527,2345,1221,1864
637,13558,1775,7984,1527,2308,1221,1863
638,13558,2009,8182,1527,2322,1221,1862
639,13558,1082,8426,1527,2307,1221,1862
640,13558,1095,8048,1527,2306,1221,1863
641,13558,1997,8449,1527,2302,1221,1865
642,13558,2632,8290,1527,2307,1221,1865
643,13558,1755,8241,1527,2465,1221,1881
644,13558,1385,8017,1527,2467,1221,1881
645,13558,1491,8082,1527,2470,1221,1881
646,13558,2060,8556,1527,2475,1221,1881
647,13558,1544,8096,1527,2479,1221,1882
648,13558,1665,8151,1527,2466,1221,1881
649,13558,1863,7967,1527,2486,1221,1881
650,13558,1289,8152,1527,2480,1221,1881
651,13558,1698,8057,1527,2468,1221,1879
652,13558,1417,8310,1527,2474,1221,1880
653,13558,1660,8277,1527,2469,1221,1881
654,13558,1801,7718,1527,2320,1221,1858
655,13558,1800,8231,1527,2312,1221,1855
656,13558,1034,7868,1527,2324,1221,1857
657,13558,1576,8378,1527,2309,1221,1860
658,13558,1786,8141,1527,2468,1221,1881
659,13558,2273,8442,1527,2484,1221,1881
660,13558,1856,8439,1527,2474,1221,1881
661,13558,996,8613,1527,2482,1221,1881
662,13558,1097,8327,1527,2467,1221,1882
663,13558,1642,7719,1527,2487,1221,1881
664,13558,1593,8123,1527,2462,1221,1881
665,13558,421,8472,1527,2487,1221,1882
666,13558,1967,8359,1527,2479,1221,1882
667,13558,1680,8147,1527,2457,1221,1882
668,13558,1033,8693,1527,2477,1221,1881
669,13558,1769,8067,1527,2469,1221,1883
670,13558,1464,7761,1527,2470,1221,1881
671,13558,1760,8378,1527,2477,1221,1880
672,13558,1905,7934,1527,2482,1221,1883
673,13558,1031,8251,1527,2477,1221,1881
674,13558,1459,8324,1527,2467,1221,1881
675,13558,1631,8360,1527,2461,1221,1882
676,13558,1830,8542,1527,2466,1221,1882
677,13558,1494,8271,1527,2476,1221,1881
